phi,theta,Value,image
0,0,0,prs_images/01141.vti_0.prs.png
0,1,0,prs_images/01141.vti_1.prs.png
0,2,0,prs_images/01141.vti_2.prs.png
0,3,0,prs_images/01141.vti_3.prs.png
0,4,0,prs_images/01141.vti_4.prs.png
0,5,0,prs_images/01141.vti_5.prs.png
1,0,0,prs_images/01141.vti_6.prs.png
1,1,0,prs_images/01141.vti_7.prs.png
1,2,0,prs_images/01141.vti_8.prs.png
1,3,0,prs_images/01141.vti_9.prs.png
1,4,0,prs_images/01141.vti_10.prs.png
1,5,0,prs_images/01141.vti_11.prs.png
2,0,0,prs_images/01141.vti_12.prs.png
2,1,0,prs_images/01141.vti_13.prs.png
2,2,0,prs_images/01141.vti_14.prs.png
2,3,0,prs_images/01141.vti_15.prs.png
2,4,0,prs_images/01141.vti_16.prs.png
2,5,0,prs_images/01141.vti_17.prs.png
3,0,0,prs_images/01141.vti_18.prs.png
3,1,0,prs_images/01141.vti_19.prs.png
3,2,0,prs_images/01141.vti_20.prs.png
3,3,0,prs_images/01141.vti_21.prs.png
3,4,0,prs_images/01141.vti_22.prs.png
3,5,0,prs_images/01141.vti_23.prs.png
0,0,1,prs_images/02286.vti_0.prs.png
0,1,1,prs_images/02286.vti_1.prs.png
0,2,1,prs_images/02286.vti_2.prs.png
0,3,1,prs_images/02286.vti_3.prs.png
0,4,1,prs_images/02286.vti_4.prs.png
0,5,1,prs_images/02286.vti_5.prs.png
1,0,1,prs_images/02286.vti_6.prs.png
1,1,1,prs_images/02286.vti_7.prs.png
1,2,1,prs_images/02286.vti_8.prs.png
1,3,1,prs_images/02286.vti_9.prs.png
1,4,1,prs_images/02286.vti_10.prs.png
1,5,1,prs_images/02286.vti_11.prs.png
2,0,1,prs_images/02286.vti_12.prs.png
2,1,1,prs_images/02286.vti_13.prs.png
2,2,1,prs_images/02286.vti_14.prs.png
2,3,1,prs_images/02286.vti_15.prs.png
2,4,1,prs_images/02286.vti_16.prs.png
2,5,1,prs_images/02286.vti_17.prs.png
3,0,1,prs_images/02286.vti_18.prs.png
3,1,1,prs_images/02286.vti_19.prs.png
3,2,1,prs_images/02286.vti_20.prs.png
3,3,1,prs_images/02286.vti_21.prs.png
3,4,1,prs_images/02286.vti_22.prs.png
3,5,1,prs_images/02286.vti_23.prs.png
0,0,2,prs_images/04566.vti_0.prs.png
0,1,2,prs_images/04566.vti_1.prs.png
0,2,2,prs_images/04566.vti_2.prs.png
0,3,2,prs_images/04566.vti_3.prs.png
0,4,2,prs_images/04566.vti_4.prs.png
0,5,2,prs_images/04566.vti_5.prs.png
1,0,2,prs_images/04566.vti_6.prs.png
1,1,2,prs_images/04566.vti_7.prs.png
1,2,2,prs_images/04566.vti_8.prs.png
1,3,2,prs_images/04566.vti_9.prs.png
1,4,2,prs_images/04566.vti_10.prs.png
1,5,2,prs_images/04566.vti_11.prs.png
2,0,2,prs_images/04566.vti_12.prs.png
2,1,2,prs_images/04566.vti_13.prs.png
2,2,2,prs_images/04566.vti_14.prs.png
2,3,2,prs_images/04566.vti_15.prs.png
2,4,2,prs_images/04566.vti_16.prs.png
2,5,2,prs_images/04566.vti_17.prs.png
3,0,2,prs_images/04566.vti_18.prs.png
3,1,2,prs_images/04566.vti_19.prs.png
3,2,2,prs_images/04566.vti_20.prs.png
3,3,2,prs_images/04566.vti_21.prs.png
3,4,2,prs_images/04566.vti_22.prs.png
3,5,2,prs_images/04566.vti_23.prs.png
0,0,3,prs_images/06817.vti_0.prs.png
0,1,3,prs_images/06817.vti_1.prs.png
0,2,3,prs_images/06817.vti_2.prs.png
0,3,3,prs_images/06817.vti_3.prs.png
0,4,3,prs_images/06817.vti_4.prs.png
0,5,3,prs_images/06817.vti_5.prs.png
1,0,3,prs_images/06817.vti_6.prs.png
1,1,3,prs_images/06817.vti_7.prs.png
1,2,3,prs_images/06817.vti_8.prs.png
1,3,3,prs_images/06817.vti_9.prs.png
1,4,3,prs_images/06817.vti_10.prs.png
1,5,3,prs_images/06817.vti_11.prs.png
2,0,3,prs_images/06817.vti_12.prs.png
2,1,3,prs_images/06817.vti_13.prs.png
2,2,3,prs_images/06817.vti_14.prs.png
2,3,3,prs_images/06817.vti_15.prs.png
2,4,3,prs_images/06817.vti_16.prs.png
2,5,3,prs_images/06817.vti_17.prs.png
3,0,3,prs_images/06817.vti_18.prs.png
3,1,3,prs_images/06817.vti_19.prs.png
3,2,3,prs_images/06817.vti_20.prs.png
3,3,3,prs_images/06817.vti_21.prs.png
3,4,3,prs_images/06817.vti_22.prs.png
3,5,3,prs_images/06817.vti_23.prs.png
0,0,4,prs_images/08948.vti_0.prs.png
0,1,4,prs_images/08948.vti_1.prs.png
0,2,4,prs_images/08948.vti_2.prs.png
0,3,4,prs_images/08948.vti_3.prs.png
0,4,4,prs_images/08948.vti_4.prs.png
0,5,4,prs_images/08948.vti_5.prs.png
1,0,4,prs_images/08948.vti_6.prs.png
1,1,4,prs_images/08948.vti_7.prs.png
1,2,4,prs_images/08948.vti_8.prs.png
1,3,4,prs_images/08948.vti_9.prs.png
1,4,4,prs_images/08948.vti_10.prs.png
1,5,4,prs_images/08948.vti_11.prs.png
2,0,4,prs_images/08948.vti_12.prs.png
2,1,4,prs_images/08948.vti_13.prs.png
2,2,4,prs_images/08948.vti_14.prs.png
2,3,4,prs_images/08948.vti_15.prs.png
2,4,4,prs_images/08948.vti_16.prs.png
2,5,4,prs_images/08948.vti_17.prs.png
3,0,4,prs_images/08948.vti_18.prs.png
3,1,4,prs_images/08948.vti_19.prs.png
3,2,4,prs_images/08948.vti_20.prs.png
3,3,4,prs_images/08948.vti_21.prs.png
3,4,4,prs_images/08948.vti_22.prs.png
3,5,4,prs_images/08948.vti_23.prs.png
0,0,5,prs_images/10487.vti_0.prs.png
0,1,5,prs_images/10487.vti_1.prs.png
0,2,5,prs_images/10487.vti_2.prs.png
0,3,5,prs_images/10487.vti_3.prs.png
0,4,5,prs_images/10487.vti_4.prs.png
0,5,5,prs_images/10487.vti_5.prs.png
1,0,5,prs_images/10487.vti_6.prs.png
1,1,5,prs_images/10487.vti_7.prs.png
1,2,5,prs_images/10487.vti_8.prs.png
1,3,5,prs_images/10487.vti_9.prs.png
1,4,5,prs_images/10487.vti_10.prs.png
1,5,5,prs_images/10487.vti_11.prs.png
2,0,5,prs_images/10487.vti_12.prs.png
2,1,5,prs_images/10487.vti_13.prs.png
2,2,5,prs_images/10487.vti_14.prs.png
2,3,5,prs_images/10487.vti_15.prs.png
2,4,5,prs_images/10487.vti_16.prs.png
2,5,5,prs_images/10487.vti_17.prs.png
3,0,5,prs_images/10487.vti_18.prs.png
3,1,5,prs_images/10487.vti_19.prs.png
3,2,5,prs_images/10487.vti_20.prs.png
3,3,5,prs_images/10487.vti_21.prs.png
3,4,5,prs_images/10487.vti_22.prs.png
3,5,5,prs_images/10487.vti_23.prs.png
0,0,6,prs_images/12244.vti_0.prs.png
0,1,6,prs_images/12244.vti_1.prs.png
0,2,6,prs_images/12244.vti_2.prs.png
0,3,6,prs_images/12244.vti_3.prs.png
0,4,6,prs_images/12244.vti_4.prs.png
0,5,6,prs_images/12244.vti_5.prs.png
1,0,6,prs_images/12244.vti_6.prs.png
1,1,6,prs_images/12244.vti_7.prs.png
1,2,6,prs_images/12244.vti_8.prs.png
1,3,6,prs_images/12244.vti_9.prs.png
1,4,6,prs_images/12244.vti_10.prs.png
1,5,6,prs_images/12244.vti_11.prs.png
2,0,6,prs_images/12244.vti_12.prs.png
2,1,6,prs_images/12244.vti_13.prs.png
2,2,6,prs_images/12244.vti_14.prs.png
2,3,6,prs_images/12244.vti_15.prs.png
2,4,6,prs_images/12244.vti_16.prs.png
2,5,6,prs_images/12244.vti_17.prs.png
3,0,6,prs_images/12244.vti_18.prs.png
3,1,6,prs_images/12244.vti_19.prs.png
3,2,6,prs_images/12244.vti_20.prs.png
3,3,6,prs_images/12244.vti_21.prs.png
3,4,6,prs_images/12244.vti_22.prs.png
3,5,6,prs_images/12244.vti_23.prs.png
0,0,7,prs_images/13306.vti_0.prs.png
0,1,7,prs_images/13306.vti_1.prs.png
0,2,7,prs_images/13306.vti_2.prs.png
0,3,7,prs_images/13306.vti_3.prs.png
0,4,7,prs_images/13306.vti_4.prs.png
0,5,7,prs_images/13306.vti_5.prs.png
1,0,7,prs_images/13306.vti_6.prs.png
1,1,7,prs_images/13306.vti_7.prs.png
1,2,7,prs_images/13306.vti_8.prs.png
1,3,7,prs_images/13306.vti_9.prs.png
1,4,7,prs_images/13306.vti_10.prs.png
1,5,7,prs_images/13306.vti_11.prs.png
2,0,7,prs_images/13306.vti_12.prs.png
2,1,7,prs_images/13306.vti_13.prs.png
2,2,7,prs_images/13306.vti_14.prs.png
2,3,7,prs_images/13306.vti_15.prs.png
2,4,7,prs_images/13306.vti_16.prs.png
2,5,7,prs_images/13306.vti_17.prs.png
3,0,7,prs_images/13306.vti_18.prs.png
3,1,7,prs_images/13306.vti_19.prs.png
3,2,7,prs_images/13306.vti_20.prs.png
3,3,7,prs_images/13306.vti_21.prs.png
3,4,7,prs_images/13306.vti_22.prs.png
3,5,7,prs_images/13306.vti_23.prs.png
0,0,8,prs_images/15159.vti_0.prs.png
0,1,8,prs_images/15159.vti_1.prs.png
0,2,8,prs_images/15159.vti_2.prs.png
0,3,8,prs_images/15159.vti_3.prs.png
0,4,8,prs_images/15159.vti_4.prs.png
0,5,8,prs_images/15159.vti_5.prs.png
1,0,8,prs_images/15159.vti_6.prs.png
1,1,8,prs_images/15159.vti_7.prs.png
1,2,8,prs_images/15159.vti_8.prs.png
1,3,8,prs_images/15159.vti_9.prs.png
1,4,8,prs_images/15159.vti_10.prs.png
1,5,8,prs_images/15159.vti_11.prs.png
2,0,8,prs_images/15159.vti_12.prs.png
2,1,8,prs_images/15159.vti_13.prs.png
2,2,8,prs_images/15159.vti_14.prs.png
2,3,8,prs_images/15159.vti_15.prs.png
2,4,8,prs_images/15159.vti_16.prs.png
2,5,8,prs_images/15159.vti_17.prs.png
3,0,8,prs_images/15159.vti_18.prs.png
3,1,8,prs_images/15159.vti_19.prs.png
3,2,8,prs_images/15159.vti_20.prs.png
3,3,8,prs_images/15159.vti_21.prs.png
3,4,8,prs_images/15159.vti_22.prs.png
3,5,8,prs_images/15159.vti_23.prs.png
0,0,9,prs_images/16898.vti_0.prs.png
0,1,9,prs_images/16898.vti_1.prs.png
0,2,9,prs_images/16898.vti_2.prs.png
0,3,9,prs_images/16898.vti_3.prs.png
0,4,9,prs_images/16898.vti_4.prs.png
0,5,9,prs_images/16898.vti_5.prs.png
1,0,9,prs_images/16898.vti_6.prs.png
1,1,9,prs_images/16898.vti_7.prs.png
1,2,9,prs_images/16898.vti_8.prs.png
1,3,9,prs_images/16898.vti_9.prs.png
1,4,9,prs_images/16898.vti_10.prs.png
1,5,9,prs_images/16898.vti_11.prs.png
2,0,9,prs_images/16898.vti_12.prs.png
2,1,9,prs_images/16898.vti_13.prs.png
2,2,9,prs_images/16898.vti_14.prs.png
2,3,9,prs_images/16898.vti_15.prs.png
2,4,9,prs_images/16898.vti_16.prs.png
2,5,9,prs_images/16898.vti_17.prs.png
3,0,9,prs_images/16898.vti_18.prs.png
3,1,9,prs_images/16898.vti_19.prs.png
3,2,9,prs_images/16898.vti_20.prs.png
3,3,9,prs_images/16898.vti_21.prs.png
3,4,9,prs_images/16898.vti_22.prs.png
3,5,9,prs_images/16898.vti_23.prs.png
0,0,10,prs_images/17954.vti_0.prs.png
0,1,10,prs_images/17954.vti_1.prs.png
0,2,10,prs_images/17954.vti_2.prs.png
0,3,10,prs_images/17954.vti_3.prs.png
0,4,10,prs_images/17954.vti_4.prs.png
0,5,10,prs_images/17954.vti_5.prs.png
1,0,10,prs_images/17954.vti_6.prs.png
1,1,10,prs_images/17954.vti_7.prs.png
1,2,10,prs_images/17954.vti_8.prs.png
1,3,10,prs_images/17954.vti_9.prs.png
1,4,10,prs_images/17954.vti_10.prs.png
1,5,10,prs_images/17954.vti_11.prs.png
2,0,10,prs_images/17954.vti_12.prs.png
2,1,10,prs_images/17954.vti_13.prs.png
2,2,10,prs_images/17954.vti_14.prs.png
2,3,10,prs_images/17954.vti_15.prs.png
2,4,10,prs_images/17954.vti_16.prs.png
2,5,10,prs_images/17954.vti_17.prs.png
3,0,10,prs_images/17954.vti_18.prs.png
3,1,10,prs_images/17954.vti_19.prs.png
3,2,10,prs_images/17954.vti_20.prs.png
3,3,10,prs_images/17954.vti_21.prs.png
3,4,10,prs_images/17954.vti_22.prs.png
3,5,10,prs_images/17954.vti_23.prs.png
0,0,11,prs_images/18741.vti_0.prs.png
0,1,11,prs_images/18741.vti_1.prs.png
0,2,11,prs_images/18741.vti_2.prs.png
0,3,11,prs_images/18741.vti_3.prs.png
0,4,11,prs_images/18741.vti_4.prs.png
0,5,11,prs_images/18741.vti_5.prs.png
1,0,11,prs_images/18741.vti_6.prs.png
1,1,11,prs_images/18741.vti_7.prs.png
1,2,11,prs_images/18741.vti_8.prs.png
1,3,11,prs_images/18741.vti_9.prs.png
1,4,11,prs_images/18741.vti_10.prs.png
1,5,11,prs_images/18741.vti_11.prs.png
2,0,11,prs_images/18741.vti_12.prs.png
2,1,11,prs_images/18741.vti_13.prs.png
2,2,11,prs_images/18741.vti_14.prs.png
2,3,11,prs_images/18741.vti_15.prs.png
2,4,11,prs_images/18741.vti_16.prs.png
2,5,11,prs_images/18741.vti_17.prs.png
3,0,11,prs_images/18741.vti_18.prs.png
3,1,11,prs_images/18741.vti_19.prs.png
3,2,11,prs_images/18741.vti_20.prs.png
3,3,11,prs_images/18741.vti_21.prs.png
3,4,11,prs_images/18741.vti_22.prs.png
3,5,11,prs_images/18741.vti_23.prs.png
0,0,12,prs_images/19021.vti_0.prs.png
0,1,12,prs_images/19021.vti_1.prs.png
0,2,12,prs_images/19021.vti_2.prs.png
0,3,12,prs_images/19021.vti_3.prs.png
0,4,12,prs_images/19021.vti_4.prs.png
0,5,12,prs_images/19021.vti_5.prs.png
1,0,12,prs_images/19021.vti_6.prs.png
1,1,12,prs_images/19021.vti_7.prs.png
1,2,12,prs_images/19021.vti_8.prs.png
1,3,12,prs_images/19021.vti_9.prs.png
1,4,12,prs_images/19021.vti_10.prs.png
1,5,12,prs_images/19021.vti_11.prs.png
2,0,12,prs_images/19021.vti_12.prs.png
2,1,12,prs_images/19021.vti_13.prs.png
2,2,12,prs_images/19021.vti_14.prs.png
2,3,12,prs_images/19021.vti_15.prs.png
2,4,12,prs_images/19021.vti_16.prs.png
2,5,12,prs_images/19021.vti_17.prs.png
3,0,12,prs_images/19021.vti_18.prs.png
3,1,12,prs_images/19021.vti_19.prs.png
3,2,12,prs_images/19021.vti_20.prs.png
3,3,12,prs_images/19021.vti_21.prs.png
3,4,12,prs_images/19021.vti_22.prs.png
3,5,12,prs_images/19021.vti_23.prs.png
0,0,13,prs_images/19749.vti_0.prs.png
0,1,13,prs_images/19749.vti_1.prs.png
0,2,13,prs_images/19749.vti_2.prs.png
0,3,13,prs_images/19749.vti_3.prs.png
0,4,13,prs_images/19749.vti_4.prs.png
0,5,13,prs_images/19749.vti_5.prs.png
1,0,13,prs_images/19749.vti_6.prs.png
1,1,13,prs_images/19749.vti_7.prs.png
1,2,13,prs_images/19749.vti_8.prs.png
1,3,13,prs_images/19749.vti_9.prs.png
1,4,13,prs_images/19749.vti_10.prs.png
1,5,13,prs_images/19749.vti_11.prs.png
2,0,13,prs_images/19749.vti_12.prs.png
2,1,13,prs_images/19749.vti_13.prs.png
2,2,13,prs_images/19749.vti_14.prs.png
2,3,13,prs_images/19749.vti_15.prs.png
2,4,13,prs_images/19749.vti_16.prs.png
2,5,13,prs_images/19749.vti_17.prs.png
3,0,13,prs_images/19749.vti_18.prs.png
3,1,13,prs_images/19749.vti_19.prs.png
3,2,13,prs_images/19749.vti_20.prs.png
3,3,13,prs_images/19749.vti_21.prs.png
3,4,13,prs_images/19749.vti_22.prs.png
3,5,13,prs_images/19749.vti_23.prs.png
0,0,14,prs_images/20550.vti_0.prs.png
0,1,14,prs_images/20550.vti_1.prs.png
0,2,14,prs_images/20550.vti_2.prs.png
0,3,14,prs_images/20550.vti_3.prs.png
0,4,14,prs_images/20550.vti_4.prs.png
0,5,14,prs_images/20550.vti_5.prs.png
1,0,14,prs_images/20550.vti_6.prs.png
1,1,14,prs_images/20550.vti_7.prs.png
1,2,14,prs_images/20550.vti_8.prs.png
1,3,14,prs_images/20550.vti_9.prs.png
1,4,14,prs_images/20550.vti_10.prs.png
1,5,14,prs_images/20550.vti_11.prs.png
2,0,14,prs_images/20550.vti_12.prs.png
2,1,14,prs_images/20550.vti_13.prs.png
2,2,14,prs_images/20550.vti_14.prs.png
2,3,14,prs_images/20550.vti_15.prs.png
2,4,14,prs_images/20550.vti_16.prs.png
2,5,14,prs_images/20550.vti_17.prs.png
3,0,14,prs_images/20550.vti_18.prs.png
3,1,14,prs_images/20550.vti_19.prs.png
3,2,14,prs_images/20550.vti_20.prs.png
3,3,14,prs_images/20550.vti_21.prs.png
3,4,14,prs_images/20550.vti_22.prs.png
3,5,14,prs_images/20550.vti_23.prs.png
0,0,15,prs_images/22010.vti_0.prs.png
0,1,15,prs_images/22010.vti_1.prs.png
0,2,15,prs_images/22010.vti_2.prs.png
0,3,15,prs_images/22010.vti_3.prs.png
0,4,15,prs_images/22010.vti_4.prs.png
0,5,15,prs_images/22010.vti_5.prs.png
1,0,15,prs_images/22010.vti_6.prs.png
1,1,15,prs_images/22010.vti_7.prs.png
1,2,15,prs_images/22010.vti_8.prs.png
1,3,15,prs_images/22010.vti_9.prs.png
1,4,15,prs_images/22010.vti_10.prs.png
1,5,15,prs_images/22010.vti_11.prs.png
2,0,15,prs_images/22010.vti_12.prs.png
2,1,15,prs_images/22010.vti_13.prs.png
2,2,15,prs_images/22010.vti_14.prs.png
2,3,15,prs_images/22010.vti_15.prs.png
2,4,15,prs_images/22010.vti_16.prs.png
2,5,15,prs_images/22010.vti_17.prs.png
3,0,15,prs_images/22010.vti_18.prs.png
3,1,15,prs_images/22010.vti_19.prs.png
3,2,15,prs_images/22010.vti_20.prs.png
3,3,15,prs_images/22010.vti_21.prs.png
3,4,15,prs_images/22010.vti_22.prs.png
3,5,15,prs_images/22010.vti_23.prs.png
0,0,16,prs_images/23341.vti_0.prs.png
0,1,16,prs_images/23341.vti_1.prs.png
0,2,16,prs_images/23341.vti_2.prs.png
0,3,16,prs_images/23341.vti_3.prs.png
0,4,16,prs_images/23341.vti_4.prs.png
0,5,16,prs_images/23341.vti_5.prs.png
1,0,16,prs_images/23341.vti_6.prs.png
1,1,16,prs_images/23341.vti_7.prs.png
1,2,16,prs_images/23341.vti_8.prs.png
1,3,16,prs_images/23341.vti_9.prs.png
1,4,16,prs_images/23341.vti_10.prs.png
1,5,16,prs_images/23341.vti_11.prs.png
2,0,16,prs_images/23341.vti_12.prs.png
2,1,16,prs_images/23341.vti_13.prs.png
2,2,16,prs_images/23341.vti_14.prs.png
2,3,16,prs_images/23341.vti_15.prs.png
2,4,16,prs_images/23341.vti_16.prs.png
2,5,16,prs_images/23341.vti_17.prs.png
3,0,16,prs_images/23341.vti_18.prs.png
3,1,16,prs_images/23341.vti_19.prs.png
3,2,16,prs_images/23341.vti_20.prs.png
3,3,16,prs_images/23341.vti_21.prs.png
3,4,16,prs_images/23341.vti_22.prs.png
3,5,16,prs_images/23341.vti_23.prs.png
0,0,17,prs_images/24095.vti_0.prs.png
0,1,17,prs_images/24095.vti_1.prs.png
0,2,17,prs_images/24095.vti_2.prs.png
0,3,17,prs_images/24095.vti_3.prs.png
0,4,17,prs_images/24095.vti_4.prs.png
0,5,17,prs_images/24095.vti_5.prs.png
1,0,17,prs_images/24095.vti_6.prs.png
1,1,17,prs_images/24095.vti_7.prs.png
1,2,17,prs_images/24095.vti_8.prs.png
1,3,17,prs_images/24095.vti_9.prs.png
1,4,17,prs_images/24095.vti_10.prs.png
1,5,17,prs_images/24095.vti_11.prs.png
2,0,17,prs_images/24095.vti_12.prs.png
2,1,17,prs_images/24095.vti_13.prs.png
2,2,17,prs_images/24095.vti_14.prs.png
2,3,17,prs_images/24095.vti_15.prs.png
2,4,17,prs_images/24095.vti_16.prs.png
2,5,17,prs_images/24095.vti_17.prs.png
3,0,17,prs_images/24095.vti_18.prs.png
3,1,17,prs_images/24095.vti_19.prs.png
3,2,17,prs_images/24095.vti_20.prs.png
3,3,17,prs_images/24095.vti_21.prs.png
3,4,17,prs_images/24095.vti_22.prs.png
3,5,17,prs_images/24095.vti_23.prs.png
0,0,18,prs_images/25659.vti_0.prs.png
0,1,18,prs_images/25659.vti_1.prs.png
0,2,18,prs_images/25659.vti_2.prs.png
0,3,18,prs_images/25659.vti_3.prs.png
0,4,18,prs_images/25659.vti_4.prs.png
0,5,18,prs_images/25659.vti_5.prs.png
1,0,18,prs_images/25659.vti_6.prs.png
1,1,18,prs_images/25659.vti_7.prs.png
1,2,18,prs_images/25659.vti_8.prs.png
1,3,18,prs_images/25659.vti_9.prs.png
1,4,18,prs_images/25659.vti_10.prs.png
1,5,18,prs_images/25659.vti_11.prs.png
2,0,18,prs_images/25659.vti_12.prs.png
2,1,18,prs_images/25659.vti_13.prs.png
2,2,18,prs_images/25659.vti_14.prs.png
2,3,18,prs_images/25659.vti_15.prs.png
2,4,18,prs_images/25659.vti_16.prs.png
2,5,18,prs_images/25659.vti_17.prs.png
3,0,18,prs_images/25659.vti_18.prs.png
3,1,18,prs_images/25659.vti_19.prs.png
3,2,18,prs_images/25659.vti_20.prs.png
3,3,18,prs_images/25659.vti_21.prs.png
3,4,18,prs_images/25659.vti_22.prs.png
3,5,18,prs_images/25659.vti_23.prs.png
0,0,19,prs_images/26103.vti_0.prs.png
0,1,19,prs_images/26103.vti_1.prs.png
0,2,19,prs_images/26103.vti_2.prs.png
0,3,19,prs_images/26103.vti_3.prs.png
0,4,19,prs_images/26103.vti_4.prs.png
0,5,19,prs_images/26103.vti_5.prs.png
1,0,19,prs_images/26103.vti_6.prs.png
1,1,19,prs_images/26103.vti_7.prs.png
1,2,19,prs_images/26103.vti_8.prs.png
1,3,19,prs_images/26103.vti_9.prs.png
1,4,19,prs_images/26103.vti_10.prs.png
1,5,19,prs_images/26103.vti_11.prs.png
2,0,19,prs_images/26103.vti_12.prs.png
2,1,19,prs_images/26103.vti_13.prs.png
2,2,19,prs_images/26103.vti_14.prs.png
2,3,19,prs_images/26103.vti_15.prs.png
2,4,19,prs_images/26103.vti_16.prs.png
2,5,19,prs_images/26103.vti_17.prs.png
3,0,19,prs_images/26103.vti_18.prs.png
3,1,19,prs_images/26103.vti_19.prs.png
3,2,19,prs_images/26103.vti_20.prs.png
3,3,19,prs_images/26103.vti_21.prs.png
3,4,19,prs_images/26103.vti_22.prs.png
3,5,19,prs_images/26103.vti_23.prs.png
0,0,20,prs_images/27970.vti_0.prs.png
0,1,20,prs_images/27970.vti_1.prs.png
0,2,20,prs_images/27970.vti_2.prs.png
0,3,20,prs_images/27970.vti_3.prs.png
0,4,20,prs_images/27970.vti_4.prs.png
0,5,20,prs_images/27970.vti_5.prs.png
1,0,20,prs_images/27970.vti_6.prs.png
1,1,20,prs_images/27970.vti_7.prs.png
1,2,20,prs_images/27970.vti_8.prs.png
1,3,20,prs_images/27970.vti_9.prs.png
1,4,20,prs_images/27970.vti_10.prs.png
1,5,20,prs_images/27970.vti_11.prs.png
2,0,20,prs_images/27970.vti_12.prs.png
2,1,20,prs_images/27970.vti_13.prs.png
2,2,20,prs_images/27970.vti_14.prs.png
2,3,20,prs_images/27970.vti_15.prs.png
2,4,20,prs_images/27970.vti_16.prs.png
2,5,20,prs_images/27970.vti_17.prs.png
3,0,20,prs_images/27970.vti_18.prs.png
3,1,20,prs_images/27970.vti_19.prs.png
3,2,20,prs_images/27970.vti_20.prs.png
3,3,20,prs_images/27970.vti_21.prs.png
3,4,20,prs_images/27970.vti_22.prs.png
3,5,20,prs_images/27970.vti_23.prs.png
0,0,21,prs_images/28245.vti_0.prs.png
0,1,21,prs_images/28245.vti_1.prs.png
0,2,21,prs_images/28245.vti_2.prs.png
0,3,21,prs_images/28245.vti_3.prs.png
0,4,21,prs_images/28245.vti_4.prs.png
0,5,21,prs_images/28245.vti_5.prs.png
1,0,21,prs_images/28245.vti_6.prs.png
1,1,21,prs_images/28245.vti_7.prs.png
1,2,21,prs_images/28245.vti_8.prs.png
1,3,21,prs_images/28245.vti_9.prs.png
1,4,21,prs_images/28245.vti_10.prs.png
1,5,21,prs_images/28245.vti_11.prs.png
2,0,21,prs_images/28245.vti_12.prs.png
2,1,21,prs_images/28245.vti_13.prs.png
2,2,21,prs_images/28245.vti_14.prs.png
2,3,21,prs_images/28245.vti_15.prs.png
2,4,21,prs_images/28245.vti_16.prs.png
2,5,21,prs_images/28245.vti_17.prs.png
3,0,21,prs_images/28245.vti_18.prs.png
3,1,21,prs_images/28245.vti_19.prs.png
3,2,21,prs_images/28245.vti_20.prs.png
3,3,21,prs_images/28245.vti_21.prs.png
3,4,21,prs_images/28245.vti_22.prs.png
3,5,21,prs_images/28245.vti_23.prs.png
0,0,22,prs_images/29693.vti_0.prs.png
0,1,22,prs_images/29693.vti_1.prs.png
0,2,22,prs_images/29693.vti_2.prs.png
0,3,22,prs_images/29693.vti_3.prs.png
0,4,22,prs_images/29693.vti_4.prs.png
0,5,22,prs_images/29693.vti_5.prs.png
1,0,22,prs_images/29693.vti_6.prs.png
1,1,22,prs_images/29693.vti_7.prs.png
1,2,22,prs_images/29693.vti_8.prs.png
1,3,22,prs_images/29693.vti_9.prs.png
1,4,22,prs_images/29693.vti_10.prs.png
1,5,22,prs_images/29693.vti_11.prs.png
2,0,22,prs_images/29693.vti_12.prs.png
2,1,22,prs_images/29693.vti_13.prs.png
2,2,22,prs_images/29693.vti_14.prs.png
2,3,22,prs_images/29693.vti_15.prs.png
2,4,22,prs_images/29693.vti_16.prs.png
2,5,22,prs_images/29693.vti_17.prs.png
3,0,22,prs_images/29693.vti_18.prs.png
3,1,22,prs_images/29693.vti_19.prs.png
3,2,22,prs_images/29693.vti_20.prs.png
3,3,22,prs_images/29693.vti_21.prs.png
3,4,22,prs_images/29693.vti_22.prs.png
3,5,22,prs_images/29693.vti_23.prs.png
0,0,23,prs_images/30068.vti_0.prs.png
0,1,23,prs_images/30068.vti_1.prs.png
0,2,23,prs_images/30068.vti_2.prs.png
0,3,23,prs_images/30068.vti_3.prs.png
0,4,23,prs_images/30068.vti_4.prs.png
0,5,23,prs_images/30068.vti_5.prs.png
1,0,23,prs_images/30068.vti_6.prs.png
1,1,23,prs_images/30068.vti_7.prs.png
1,2,23,prs_images/30068.vti_8.prs.png
1,3,23,prs_images/30068.vti_9.prs.png
1,4,23,prs_images/30068.vti_10.prs.png
1,5,23,prs_images/30068.vti_11.prs.png
2,0,23,prs_images/30068.vti_12.prs.png
2,1,23,prs_images/30068.vti_13.prs.png
2,2,23,prs_images/30068.vti_14.prs.png
2,3,23,prs_images/30068.vti_15.prs.png
2,4,23,prs_images/30068.vti_16.prs.png
2,5,23,prs_images/30068.vti_17.prs.png
3,0,23,prs_images/30068.vti_18.prs.png
3,1,23,prs_images/30068.vti_19.prs.png
3,2,23,prs_images/30068.vti_20.prs.png
3,3,23,prs_images/30068.vti_21.prs.png
3,4,23,prs_images/30068.vti_22.prs.png
3,5,23,prs_images/30068.vti_23.prs.png
0,0,24,prs_images/33719.vti_0.prs.png
0,1,24,prs_images/33719.vti_1.prs.png
0,2,24,prs_images/33719.vti_2.prs.png
0,3,24,prs_images/33719.vti_3.prs.png
0,4,24,prs_images/33719.vti_4.prs.png
0,5,24,prs_images/33719.vti_5.prs.png
1,0,24,prs_images/33719.vti_6.prs.png
1,1,24,prs_images/33719.vti_7.prs.png
1,2,24,prs_images/33719.vti_8.prs.png
1,3,24,prs_images/33719.vti_9.prs.png
1,4,24,prs_images/33719.vti_10.prs.png
1,5,24,prs_images/33719.vti_11.prs.png
2,0,24,prs_images/33719.vti_12.prs.png
2,1,24,prs_images/33719.vti_13.prs.png
2,2,24,prs_images/33719.vti_14.prs.png
2,3,24,prs_images/33719.vti_15.prs.png
2,4,24,prs_images/33719.vti_16.prs.png
2,5,24,prs_images/33719.vti_17.prs.png
3,0,24,prs_images/33719.vti_18.prs.png
3,1,24,prs_images/33719.vti_19.prs.png
3,2,24,prs_images/33719.vti_20.prs.png
3,3,24,prs_images/33719.vti_21.prs.png
3,4,24,prs_images/33719.vti_22.prs.png
3,5,24,prs_images/33719.vti_23.prs.png
0,0,25,prs_images/35332.vti_0.prs.png
0,1,25,prs_images/35332.vti_1.prs.png
0,2,25,prs_images/35332.vti_2.prs.png
0,3,25,prs_images/35332.vti_3.prs.png
0,4,25,prs_images/35332.vti_4.prs.png
0,5,25,prs_images/35332.vti_5.prs.png
1,0,25,prs_images/35332.vti_6.prs.png
1,1,25,prs_images/35332.vti_7.prs.png
1,2,25,prs_images/35332.vti_8.prs.png
1,3,25,prs_images/35332.vti_9.prs.png
1,4,25,prs_images/35332.vti_10.prs.png
1,5,25,prs_images/35332.vti_11.prs.png
2,0,25,prs_images/35332.vti_12.prs.png
2,1,25,prs_images/35332.vti_13.prs.png
2,2,25,prs_images/35332.vti_14.prs.png
2,3,25,prs_images/35332.vti_15.prs.png
2,4,25,prs_images/35332.vti_16.prs.png
2,5,25,prs_images/35332.vti_17.prs.png
3,0,25,prs_images/35332.vti_18.prs.png
3,1,25,prs_images/35332.vti_19.prs.png
3,2,25,prs_images/35332.vti_20.prs.png
3,3,25,prs_images/35332.vti_21.prs.png
3,4,25,prs_images/35332.vti_22.prs.png
3,5,25,prs_images/35332.vti_23.prs.png
0,0,26,prs_images/36069.vti_0.prs.png
0,1,26,prs_images/36069.vti_1.prs.png
0,2,26,prs_images/36069.vti_2.prs.png
0,3,26,prs_images/36069.vti_3.prs.png
0,4,26,prs_images/36069.vti_4.prs.png
0,5,26,prs_images/36069.vti_5.prs.png
1,0,26,prs_images/36069.vti_6.prs.png
1,1,26,prs_images/36069.vti_7.prs.png
1,2,26,prs_images/36069.vti_8.prs.png
1,3,26,prs_images/36069.vti_9.prs.png
1,4,26,prs_images/36069.vti_10.prs.png
1,5,26,prs_images/36069.vti_11.prs.png
2,0,26,prs_images/36069.vti_12.prs.png
2,1,26,prs_images/36069.vti_13.prs.png
2,2,26,prs_images/36069.vti_14.prs.png
2,3,26,prs_images/36069.vti_15.prs.png
2,4,26,prs_images/36069.vti_16.prs.png
2,5,26,prs_images/36069.vti_17.prs.png
3,0,26,prs_images/36069.vti_18.prs.png
3,1,26,prs_images/36069.vti_19.prs.png
3,2,26,prs_images/36069.vti_20.prs.png
3,3,26,prs_images/36069.vti_21.prs.png
3,4,26,prs_images/36069.vti_22.prs.png
3,5,26,prs_images/36069.vti_23.prs.png
0,0,27,prs_images/37669.vti_0.prs.png
0,1,27,prs_images/37669.vti_1.prs.png
0,2,27,prs_images/37669.vti_2.prs.png
0,3,27,prs_images/37669.vti_3.prs.png
0,4,27,prs_images/37669.vti_4.prs.png
0,5,27,prs_images/37669.vti_5.prs.png
1,0,27,prs_images/37669.vti_6.prs.png
1,1,27,prs_images/37669.vti_7.prs.png
1,2,27,prs_images/37669.vti_8.prs.png
1,3,27,prs_images/37669.vti_9.prs.png
1,4,27,prs_images/37669.vti_10.prs.png
1,5,27,prs_images/37669.vti_11.prs.png
2,0,27,prs_images/37669.vti_12.prs.png
2,1,27,prs_images/37669.vti_13.prs.png
2,2,27,prs_images/37669.vti_14.prs.png
2,3,27,prs_images/37669.vti_15.prs.png
2,4,27,prs_images/37669.vti_16.prs.png
2,5,27,prs_images/37669.vti_17.prs.png
3,0,27,prs_images/37669.vti_18.prs.png
3,1,27,prs_images/37669.vti_19.prs.png
3,2,27,prs_images/37669.vti_20.prs.png
3,3,27,prs_images/37669.vti_21.prs.png
3,4,27,prs_images/37669.vti_22.prs.png
3,5,27,prs_images/37669.vti_23.prs.png
0,0,28,prs_images/39067.vti_0.prs.png
0,1,28,prs_images/39067.vti_1.prs.png
0,2,28,prs_images/39067.vti_2.prs.png
0,3,28,prs_images/39067.vti_3.prs.png
0,4,28,prs_images/39067.vti_4.prs.png
0,5,28,prs_images/39067.vti_5.prs.png
1,0,28,prs_images/39067.vti_6.prs.png
1,1,28,prs_images/39067.vti_7.prs.png
1,2,28,prs_images/39067.vti_8.prs.png
1,3,28,prs_images/39067.vti_9.prs.png
1,4,28,prs_images/39067.vti_10.prs.png
1,5,28,prs_images/39067.vti_11.prs.png
2,0,28,prs_images/39067.vti_12.prs.png
2,1,28,prs_images/39067.vti_13.prs.png
2,2,28,prs_images/39067.vti_14.prs.png
2,3,28,prs_images/39067.vti_15.prs.png
2,4,28,prs_images/39067.vti_16.prs.png
2,5,28,prs_images/39067.vti_17.prs.png
3,0,28,prs_images/39067.vti_18.prs.png
3,1,28,prs_images/39067.vti_19.prs.png
3,2,28,prs_images/39067.vti_20.prs.png
3,3,28,prs_images/39067.vti_21.prs.png
3,4,28,prs_images/39067.vti_22.prs.png
3,5,28,prs_images/39067.vti_23.prs.png
0,0,29,prs_images/41035.vti_0.prs.png
0,1,29,prs_images/41035.vti_1.prs.png
0,2,29,prs_images/41035.vti_2.prs.png
0,3,29,prs_images/41035.vti_3.prs.png
0,4,29,prs_images/41035.vti_4.prs.png
0,5,29,prs_images/41035.vti_5.prs.png
1,0,29,prs_images/41035.vti_6.prs.png
1,1,29,prs_images/41035.vti_7.prs.png
1,2,29,prs_images/41035.vti_8.prs.png
1,3,29,prs_images/41035.vti_9.prs.png
1,4,29,prs_images/41035.vti_10.prs.png
1,5,29,prs_images/41035.vti_11.prs.png
2,0,29,prs_images/41035.vti_12.prs.png
2,1,29,prs_images/41035.vti_13.prs.png
2,2,29,prs_images/41035.vti_14.prs.png
2,3,29,prs_images/41035.vti_15.prs.png
2,4,29,prs_images/41035.vti_16.prs.png
2,5,29,prs_images/41035.vti_17.prs.png
3,0,29,prs_images/41035.vti_18.prs.png
3,1,29,prs_images/41035.vti_19.prs.png
3,2,29,prs_images/41035.vti_20.prs.png
3,3,29,prs_images/41035.vti_21.prs.png
3,4,29,prs_images/41035.vti_22.prs.png
3,5,29,prs_images/41035.vti_23.prs.png
0,0,30,prs_images/44262.vti_0.prs.png
0,1,30,prs_images/44262.vti_1.prs.png
0,2,30,prs_images/44262.vti_2.prs.png
0,3,30,prs_images/44262.vti_3.prs.png
0,4,30,prs_images/44262.vti_4.prs.png
0,5,30,prs_images/44262.vti_5.prs.png
1,0,30,prs_images/44262.vti_6.prs.png
1,1,30,prs_images/44262.vti_7.prs.png
1,2,30,prs_images/44262.vti_8.prs.png
1,3,30,prs_images/44262.vti_9.prs.png
1,4,30,prs_images/44262.vti_10.prs.png
1,5,30,prs_images/44262.vti_11.prs.png
2,0,30,prs_images/44262.vti_12.prs.png
2,1,30,prs_images/44262.vti_13.prs.png
2,2,30,prs_images/44262.vti_14.prs.png
2,3,30,prs_images/44262.vti_15.prs.png
2,4,30,prs_images/44262.vti_16.prs.png
2,5,30,prs_images/44262.vti_17.prs.png
3,0,30,prs_images/44262.vti_18.prs.png
3,1,30,prs_images/44262.vti_19.prs.png
3,2,30,prs_images/44262.vti_20.prs.png
3,3,30,prs_images/44262.vti_21.prs.png
3,4,30,prs_images/44262.vti_22.prs.png
3,5,30,prs_images/44262.vti_23.prs.png
0,0,31,prs_images/46984.vti_0.prs.png
0,1,31,prs_images/46984.vti_1.prs.png
0,2,31,prs_images/46984.vti_2.prs.png
0,3,31,prs_images/46984.vti_3.prs.png
0,4,31,prs_images/46984.vti_4.prs.png
0,5,31,prs_images/46984.vti_5.prs.png
1,0,31,prs_images/46984.vti_6.prs.png
1,1,31,prs_images/46984.vti_7.prs.png
1,2,31,prs_images/46984.vti_8.prs.png
1,3,31,prs_images/46984.vti_9.prs.png
1,4,31,prs_images/46984.vti_10.prs.png
1,5,31,prs_images/46984.vti_11.prs.png
2,0,31,prs_images/46984.vti_12.prs.png
2,1,31,prs_images/46984.vti_13.prs.png
2,2,31,prs_images/46984.vti_14.prs.png
2,3,31,prs_images/46984.vti_15.prs.png
2,4,31,prs_images/46984.vti_16.prs.png
2,5,31,prs_images/46984.vti_17.prs.png
3,0,31,prs_images/46984.vti_18.prs.png
3,1,31,prs_images/46984.vti_19.prs.png
3,2,31,prs_images/46984.vti_20.prs.png
3,3,31,prs_images/46984.vti_21.prs.png
3,4,31,prs_images/46984.vti_22.prs.png
3,5,31,prs_images/46984.vti_23.prs.png
0,0,32,prs_images/48989.vti_0.prs.png
0,1,32,prs_images/48989.vti_1.prs.png
0,2,32,prs_images/48989.vti_2.prs.png
0,3,32,prs_images/48989.vti_3.prs.png
0,4,32,prs_images/48989.vti_4.prs.png
0,5,32,prs_images/48989.vti_5.prs.png
1,0,32,prs_images/48989.vti_6.prs.png
1,1,32,prs_images/48989.vti_7.prs.png
1,2,32,prs_images/48989.vti_8.prs.png
1,3,32,prs_images/48989.vti_9.prs.png
1,4,32,prs_images/48989.vti_10.prs.png
1,5,32,prs_images/48989.vti_11.prs.png
2,0,32,prs_images/48989.vti_12.prs.png
2,1,32,prs_images/48989.vti_13.prs.png
2,2,32,prs_images/48989.vti_14.prs.png
2,3,32,prs_images/48989.vti_15.prs.png
2,4,32,prs_images/48989.vti_16.prs.png
2,5,32,prs_images/48989.vti_17.prs.png
3,0,32,prs_images/48989.vti_18.prs.png
3,1,32,prs_images/48989.vti_19.prs.png
3,2,32,prs_images/48989.vti_20.prs.png
3,3,32,prs_images/48989.vti_21.prs.png
3,4,32,prs_images/48989.vti_22.prs.png
3,5,32,prs_images/48989.vti_23.prs.png
0,0,33,prs_images/49275.vti_0.prs.png
0,1,33,prs_images/49275.vti_1.prs.png
0,2,33,prs_images/49275.vti_2.prs.png
0,3,33,prs_images/49275.vti_3.prs.png
0,4,33,prs_images/49275.vti_4.prs.png
0,5,33,prs_images/49275.vti_5.prs.png
1,0,33,prs_images/49275.vti_6.prs.png
1,1,33,prs_images/49275.vti_7.prs.png
1,2,33,prs_images/49275.vti_8.prs.png
1,3,33,prs_images/49275.vti_9.prs.png
1,4,33,prs_images/49275.vti_10.prs.png
1,5,33,prs_images/49275.vti_11.prs.png
2,0,33,prs_images/49275.vti_12.prs.png
2,1,33,prs_images/49275.vti_13.prs.png
2,2,33,prs_images/49275.vti_14.prs.png
2,3,33,prs_images/49275.vti_15.prs.png
2,4,33,prs_images/49275.vti_16.prs.png
2,5,33,prs_images/49275.vti_17.prs.png
3,0,33,prs_images/49275.vti_18.prs.png
3,1,33,prs_images/49275.vti_19.prs.png
3,2,33,prs_images/49275.vti_20.prs.png
3,3,33,prs_images/49275.vti_21.prs.png
3,4,33,prs_images/49275.vti_22.prs.png
3,5,33,prs_images/49275.vti_23.prs.png
0,0,34,prs_images/49577.vti_0.prs.png
0,1,34,prs_images/49577.vti_1.prs.png
0,2,34,prs_images/49577.vti_2.prs.png
0,3,34,prs_images/49577.vti_3.prs.png
0,4,34,prs_images/49577.vti_4.prs.png
0,5,34,prs_images/49577.vti_5.prs.png
1,0,34,prs_images/49577.vti_6.prs.png
1,1,34,prs_images/49577.vti_7.prs.png
1,2,34,prs_images/49577.vti_8.prs.png
1,3,34,prs_images/49577.vti_9.prs.png
1,4,34,prs_images/49577.vti_10.prs.png
1,5,34,prs_images/49577.vti_11.prs.png
2,0,34,prs_images/49577.vti_12.prs.png
2,1,34,prs_images/49577.vti_13.prs.png
2,2,34,prs_images/49577.vti_14.prs.png
2,3,34,prs_images/49577.vti_15.prs.png
2,4,34,prs_images/49577.vti_16.prs.png
2,5,34,prs_images/49577.vti_17.prs.png
3,0,34,prs_images/49577.vti_18.prs.png
3,1,34,prs_images/49577.vti_19.prs.png
3,2,34,prs_images/49577.vti_20.prs.png
3,3,34,prs_images/49577.vti_21.prs.png
3,4,34,prs_images/49577.vti_22.prs.png
3,5,34,prs_images/49577.vti_23.prs.png
0,0,35,prs_images/49978.vti_0.prs.png
0,1,35,prs_images/49978.vti_1.prs.png
0,2,35,prs_images/49978.vti_2.prs.png
0,3,35,prs_images/49978.vti_3.prs.png
0,4,35,prs_images/49978.vti_4.prs.png
0,5,35,prs_images/49978.vti_5.prs.png
1,0,35,prs_images/49978.vti_6.prs.png
1,1,35,prs_images/49978.vti_7.prs.png
1,2,35,prs_images/49978.vti_8.prs.png
1,3,35,prs_images/49978.vti_9.prs.png
1,4,35,prs_images/49978.vti_10.prs.png
1,5,35,prs_images/49978.vti_11.prs.png
2,0,35,prs_images/49978.vti_12.prs.png
2,1,35,prs_images/49978.vti_13.prs.png
2,2,35,prs_images/49978.vti_14.prs.png
2,3,35,prs_images/49978.vti_15.prs.png
2,4,35,prs_images/49978.vti_16.prs.png
2,5,35,prs_images/49978.vti_17.prs.png
3,0,35,prs_images/49978.vti_18.prs.png
3,1,35,prs_images/49978.vti_19.prs.png
3,2,35,prs_images/49978.vti_20.prs.png
3,3,35,prs_images/49978.vti_21.prs.png
3,4,35,prs_images/49978.vti_22.prs.png
3,5,35,prs_images/49978.vti_23.prs.png
